title,firstname,middlename,lastname,name_suffix,nickname,party,state,district,in_office,gender,phone,fax,website,webform,congress_office,bioguide_id,votesmart_id,fec_id,govtrack_id,crp_id,twitter_id,congresspedia_url,youtube_url,facebook_id,official_rss,senate_class,birthdate,oc_email
Rep,Justin,,Amash,,,R,MI,3,1,M,202-225-3831,202-225-5144,https://amash.house.gov,,114 Cannon House Office Building,A000367,105566,H0MI03126,412438,N00031938,,http://www.opencongress.org/wiki/Justin_Amash,http://youtube.com/repjustinamash,repjustinamash,,,1980-04-18,Rep.Amash@opencongress.org
Rep,Pete,,Aguilar,,,D,CA,31,1,M,202-225-3201,202-226-6962,https://aguilar.house.gov,,1223 Longworth House Office Building,A000371,70114,H2CA31125,412615,N00033997,reppeteaguilar,,,reppeteaguilar,,,1979-06-19,Rep.Aguilar@opencongress.org
Rep,Jim,,Bridenstine,,,R,OK,1,1,M,202-225-2211,918-935-2716,https://bridenstine.house.gov,,216 Cannon House Office Building,B001283,135894,H2OK01143,412567,N00033532,RepJBridenstine,,http://youtube.com/RepJimBridenstine,CongressmanJimBridenstine,,,1975-06-15,Rep.Bridenstine@opencongress.org
Rep,Brendan,,Boyle,,,D,PA,13,1,M,202-225-6111,202-226-0611,https://boyle.house.gov,,1133 Longworth House Office Building,B001296,47357,H4PA13199,412652,N00035307,CongBoyle,,,CongressmanBoyle,,,1977-02-06,Rep.Boyle@opencongress.org
Rep,Jim,,Banks,,,R,IN,3,1,M,202-225-4436,,https://banks.house.gov,,509 Cannon House Office Building,B001299,116801,H6IN03229,412702,N00037185,RepJimBanks,,,RepJimBanks,,,1979-07-16,Rep.Banks@opencongress.org
Rep,Nanette,,Barragán,,,D,CA,44,1,F,202-225-8220,,https://barragan.house.gov,,1320 Longworth House Office Building,B001300,166270,H6CA44103,412687,N00037019,RepBarragan,,,CongresswomanBarragan,,,1976-09-15,Rep.Barragan@opencongress.org
Sen,Tom,,Cotton,,,R,AR,Junior Seat,1,M,202-224-2353,,https://www.cotton.senate.gov,http://www.cotton.senate.gov/?p=contact,124 Russell Senate Office Building,C001095,135651,H2AR04083,412508,N00033363,SenTomCotton,,http://youtube.com/RepTomCotton,SenatorTomCotton,,II,1977-05-13,Sen.Cotton@opencongress.org
Rep,Ryan,,Costello,,,R,PA,6,1,M,202-225-4315,202-225-8440,https://costello.house.gov,,326 Cannon House Office Building,C001106,133557,H0PA06076,412651,N00031064,RepRyanCostello,,,CongressmanRyanCostello,,,1976-09-07,Rep.Costello@opencongress.org
Rep,Carlos,,Curbelo,,,R,FL,26,1,M,202-225-2778,,https://curbelo.house.gov,,1404 Longworth House Office Building,C001107,137676,H4FL26038,412621,N00035403,RepCurbelo,,,repcurbelo,,,1980-03-01,Rep.Curbelo@opencongress.org
Rep,Ron,,DeSantis,,,R,FL,6,1,M,202-225-2706,202-226-6299,https://desantis.house.gov,,1524 Longworth House Office Building,D000621,137630,H2FL00292,412526,N00034746,RepDeSantis,,http://youtube.com/RepRonDeSantis,RepDeSantis,,,1978-09-14,Rep.Desantis@opencongress.org
Rep,Tulsi,,Gabbard,,,D,HI,2,1,F,202-225-4906,202-225-4987,https://gabbard.house.gov,,1433 Longworth House Office Building,G000571,129306,H2HI02508,412532,N00033281,TulsiPress,,http://youtube.com/tulsipress,RepTulsiGabbard,,,1981-04-12,Rep.Gabbard@opencongress.org
Rep,Ruben,,Gallego,,,D,AZ,7,1,M,202-225-4065,,https://rubengallego.house.gov,,1218 Longworth House Office Building,G000574,123732,H4AZ07043,412612,N00036097,RepRubenGallego,,,RepRubenGallego,,,1979-11-20,Rep.Rubengallego@opencongress.org
Rep,Matt,,Gaetz,,,R,FL,1,1,M,202-225-4136,,https://gaetz.house.gov,,507 Cannon House Office Building,G000578,117101,H6FL01119,412690,N00039503,RepMattGaetz,,,CongressmanMattGaetz,,,1982-05-07,Rep.Gaetz@opencongress.org
Rep,Mike,,Gallagher,,,R,WI,8,1,M,202-225-5665,,https://gallagher.house.gov,,1007 Longworth House Office Building,G000579,171843,H6WI08155,412731,N00039330,RepGallagher,,,RepMikeGallagher,,,1984-03-03,Rep.Gallagher@opencongress.org
Com,Jenniffer,,González-Colón,,,R,PR,0,1,F,202-225-2615,,https://gonzalez-colon.house.gov,,1529 Longworth House Office Building,G000582,,H6PR00082,412723,N00037615,repjenniffer,,,RepJennifferGonzalezColon,,,1976-08-05,Rep.Gonzalez-colon@opencongress.org
Rep,Josh,,Gottheimer,,,D,NJ,5,1,M,202-225-4465,,https://gottheimer.house.gov,,213 Cannon House Office Building,G000583,169202,H6NJ05171,412714,N00036944,RepJoshG,,,RepJoshG,,,1975-03-08,Rep.Gottheimer@opencongress.org
Rep,Jimmy,,Gomez,,,D,CA,34,1,M,202-225-6235,,https://gomez.house.gov,,1226 Longworth House Office Building,G000585,138524,H8CA34266,412739,N00040597,RepJimmyGomez,,,RepJimmyGomez,,,1974-11-25,Rep.Gomez@opencongress.org
Rep,Duncan,D.,Hunter,,,R,CA,50,1,M,202-225-5672,202-225-0235,https://hunter.house.gov,,2429 Rayburn House Office Building,H001048,104308,H8CA52052,412283,N00029258,Rep_Hunter,http://www.opencongress.org/wiki/Duncan_Hunter,http://youtube.com/CongressmanHunter,DuncanHunter,,,1976-12-07,Rep.Hunter@opencongress.org
Rep,Jaime,,Herrera Beutler,,,R,WA,3,1,F,202-225-3536,202-225-3478,https://herrerabeutler.house.gov,,1107 Longworth House Office Building,H001056,101907,H0WA03187,412486,N00031559,HerreraBeutler,http://www.opencongress.org/wiki/Jaime_Herrera,http://youtube.com/RepHerreraBeutler,herrerabeutler,,,1978-11-03,Rep.Herrerabeutler@opencongress.org
Rep,Will,,Hurd,,,R,TX,23,1,M,202-225-4511,,https://hurd.house.gov,,317 Cannon House Office Building,H001073,116911,H0TX23086,412654,N00031417,hurdonthehill,,,HurdOnTheHill,,,1977-08-19,Rep.Hurd@opencongress.org
Rep,Trey,,Hollingsworth,,,R,IN,9,1,M,202-225-5315,,https://hollingsworth.house.gov,,1641 Longworth House Office Building,H001074,167423,H6IN09176,412703,N00038429,reptrey,,,reptrey,,,1983-09-12,Rep.Hollingsworth@opencongress.org
Rep,Adam,,Kinzinger,,,R,IL,16,1,M,202-225-3635,202-225-3521,https://kinzinger.house.gov,,2245 Rayburn House Office Building,K000378,116559,H0IL11052,412421,N00030667,RepKinzinger,http://www.opencongress.org/wiki/Adam_Kinzinger,http://youtube.com/RepAdamKinzinger,RepKinzinger,,,1978-02-27,Rep.Kinzinger@opencongress.org
Rep,Joseph,P.,Kennedy,III,,D,MA,4,1,M,202-225-5931,202-225-0182,https://kennedy.house.gov,,434 Cannon House Office Building,K000379,141275,H2MA04073,412543,N00034044,RepJoeKennedy,,,301936109927957,,,1980-10-04,Rep.Kennedy@opencongress.org
Rep,Ro,,Khanna,,,D,CA,17,1,M,202-225-2631,,https://khanna.house.gov,,513 Cannon House Office Building,K000389,29473,H4CA12055,412684,N00026427,RepRoKhanna,,,RepRoKhanna,,,1976-09-13,Rep.Khanna@opencongress.org
Rep,Ruben,,Kihuen,,,D,NV,4,1,M,202-225-9894,,https://kihuen.house.gov,,313 Cannon House Office Building,K000390,66851,H2NV00050,412716,N00033530,RepKihuen,,,RepKihuen,,,1980-04-25,Rep.Kihuen@opencongress.org
Rep,Mia,,Love,,,R,UT,4,1,F,202-225-3011,202-225-5638,https://love.house.gov,,217 Cannon House Office Building,L000584,135957,H2UT04023,412656,N00033842,repmialove,,,repmialove,,,1975-12-06,Rep.Love@opencongress.org
Rep,Patrick,T.,McHenry,,,R,NC,10,1,M,202-225-2576,202-225-0316,https://mchenry.house.gov,,2334 Rayburn House Office Building,M001156,21031,H4NC10047,400644,N00026627,PatrickMcHenry,http://www.opencongress.org/wiki/Patrick_McHenry,http://youtube.com/CongressmanMcHenry,CongressmanMcHenry,,,1975-10-22,Rep.Mchenry@opencongress.org
Rep,Grace,,Meng,,,D,NY,6,1,F,202-225-2601,202-225-1589,https://meng.house.gov,,1317 Longworth House Office Building,M001188,69157,H2NY06116,412560,N00034547,RepGraceMeng,,,repgracemeng,,,1975-10-01,Rep.Meng@opencongress.org
Rep,Markwayne,,Mullin,,,R,OK,2,1,M,202-225-2701,202-225-3038,https://mullin.house.gov,,1113 Longworth House Office Building,M001190,135898,H2OK02083,412568,N00033410,RepMullin,,,RepMullin,,,1977-07-26,Rep.Mullin@opencongress.org
Rep,Seth,,Moulton,,,D,MA,6,1,M,202-225-8020,202-225-5915,https://moulton.house.gov,,1408 Longworth House Office Building,M001196,146299,H4MA06090,412632,N00035431,teammoulton,,,CongressmanSethMoulton,,,1978-10-24,Rep.Moulton@opencongress.org
Rep,Brian,,Mast,,,R,FL,18,1,M,202-225-3026,,https://mast.house.gov,,2182 Rayburn House Office Building,M001199,166245,H6FL18097,412698,N00037269,repbrianmast,,http://youtube.com/repbrianmast,repbrianmast,,,1980-07-10,Rep.Mast@opencongress.org
Rep,Stephanie,,Murphy,,,D,FL,7,1,F,202-225-4035,,https://stephaniemurphy.house.gov,,1237 Longworth House Office Building,M001202,173426,H6FL07140,412694,N00040133,RepStephMurphy,,http://youtube.com/RepStephMurphy,RepStephMurphy,,,1978-09-16,Rep.Stephaniemurphy@opencongress.org
Rep,Jared,,Polis,,,D,CO,2,1,M,202-225-2161,202-226-7840,https://polis.house.gov,,1727 Longworth House Office Building,P000598,106220,H8CO02137,412308,N00029127,RepJaredPolis,http://www.opencongress.org/wiki/Jared_Polis,http://youtube.com/JaredPolis31275,jaredpolis,,,1975-05-12,Rep.Polis@opencongress.org
Rep,Ben,,Quayle,,,R,AZ,3,0,M,202-225-3361,202-225-3462,http://quayle.house.gov/,,1419 Longworth House Office Building,Q000024,123506,H0AZ03362,412398,N00031723,,http://www.opencongress.org/wiki/Ben_Quayle,,,,,1976-11-03,
Rep,Martha,,Roby,,,R,AL,2,1,F,202-225-2901,202-225-8913,https://roby.house.gov,,442 Cannon House Office Building,R000591,71604,H0AL02087,412394,N00030768,RepMarthaRoby,http://www.opencongress.org/wiki/Martha_Roby,http://youtube.com/reproby,Representative.Martha.Roby,,,1976-07-27,Rep.Roby@opencongress.org
Rep,Aaron,,Schock,,,R,IL,18,0,M,202-225-6201,202-225-9249,http://schock.house.gov,https://schock.house.gov/contact/contactform.htm?zip5=,2464 Rayburn House Office Building,S001179,33428,H8IL18043,412314,N00029273,,http://www.opencongress.org/wiki/Aaron_Schock,,,,,1981-05-28,
Rep,Marlin,A.,Stutzman,,,R,IN,3,0,M,202-225-4436,202-226-9870,http://stutzman.house.gov,http://stutzman.house.gov/contacts/new,2418 Rayburn House Office Building,S001188,34230,H0IN03198,412392,N00030891,,http://www.opencongress.org/wiki/Marlin_Stutzman,,,,,1976-08-31,
Rep,Kyrsten,,Sinema,,,D,AZ,9,1,F,202-225-9888,202-225-9731,https://sinema.house.gov,,1725 Longworth House Office Building,S001191,28338,H2AZ09019,412509,N00033983,RepSinema,,http://youtube.com/repsinema,CongresswomanSinema,,,1976-07-12,Rep.Sinema@opencongress.org
Rep,Eric,,Swalwell,,,D,CA,15,1,M,202-225-5065,,https://swalwell.house.gov,,129 Cannon House Office Building,S001193,129529,H2CA15094,412514,N00033508,RepSwalwell,,http://youtube.com/ericswalwell,CongressmanEricSwalwell,,,1980-11-16,Rep.Swalwell@opencongress.org
Rep,Jason,T.,Smith,,,R,MO,8,1,M,202-225-4404,202-226-0326,https://jasonsmith.house.gov,,1118 Longworth House Office Building,S001195,59318,H4MO08162,412596,N00035282,RepJasonSmith,,http://youtube.com/RepJasonSmith,repjasonsmith,,,1980-06-16,Rep.Jasonsmith@opencongress.org
Rep,Elise,,Stefanik,,,R,NY,21,1,F,202-225-4611,202-226-0621,https://stefanik.house.gov,,318 Cannon House Office Building,S001196,152539,H4NY21079,412648,N00035523,RepStefanik,,,RepEliseStefanik,,,1984-07-02,Rep.Stefanik@opencongress.org
Rep,Darren,,Soto,,,D,FL,9,1,M,202-225-9889,,https://soto.house.gov,,1429 Longworth House Office Building,S001200,67618,H6FL09179,412695,N00037422,RepDarrenSoto,,http://youtube.com/repdarrensoto,CongressmanDarrenSoto,,,1978-02-25,Rep.Soto@opencongress.org
Rep,Scott,,Taylor,,,R,VA,2,1,M,202-225-4215,,https://taylor.house.gov,,412 Cannon House Office Building,T000477,144514,H0VA02118,412727,N00031263,RepScottTaylor,,,RepScottTaylor,,,1979-06-27,Rep.Taylor@opencongress.org
Rep,David,G.,Valadao,,,R,CA,21,1,M,202-225-4695,202-226-3196,https://valadao.house.gov,,1728 Longworth House Office Building,V000129,120200,H2CA20094,412515,N00033367,RepDavidValadao,,http://youtube.com/congressmanvaladao,CongressmanDavidValadao,,,1977-04-14,Rep.Valadao@opencongress.org
Rep,Kevin,,Yoder,,,R,KS,3,1,M,202-225-2865,202-225-2807,https://yoder.house.gov,,2433 Rayburn House Office Building,Y000063,34433,H0KS03137,412430,N00031502,RepKevinYoder,http://www.opencongress.org/wiki/Kevin_Yoder,http://youtube.com/RepYoder,CongressmanKevinYoder,,,1976-01-08,Rep.Yoder@opencongress.org
Rep,Lee,,Zeldin,,,R,NY,1,1,M,202-225-3826,202-225-3143,https://zeldin.house.gov,,1517 Longworth House Office Building,Z000017,110252,H8NY01148,412646,N00029404,RepLeeZeldin,,,RepLeeZeldin,,,1980-01-30,Rep.Zeldin@opencongress.org
